company_name,website,linkedin_url,industry,location,employees,has_funding,lead_score,category,signals_detected,opportunity,ai_summary,ai_pitch,last_updated
ICICI Lombard,https://www.icicilombard.com/,https://in.linkedin.com/company/icici-lombard,Insurance,Mumbai,5000-10000,no,47,Low ❄️,Low Digital Presence,Website / System Upgrade,ICICI Lombard's low digital presence suggests a need for an online transformation to better engage customers and increase brand visibility. An outdated digital infrastructure may be hindering their ability to compete effectively in the insurance industry.,"At ICICI Lombard, a strong online presence is crucial to stay competitive. A modern website and system upgrade can revamp your digital infrastructure, enhancing customer experience and driving business growth. Let's discuss how a tailored solution can elevate your online presence and achieve your goals.",2026-04-16T22:44:52.990613
Urban Company,https://www.urbancompany.com,https://in.linkedin.com/company/urbancompany,Software Development,Mumbai,1000-5000,yes,100,High Intent 🔥,"Recent Funding, Hiring Tech Roles",Custom Software / MVP,"Urban Company's recent funding and tech hiring indicate a growth phase, suggesting a need for efficient software solutions to scale their business. A custom software or MVP can help them capitalize on this momentum.","With your recent funding and new tech hires, Urban Company is poised for rapid growth. A custom software solution or MVP could help you streamline operations and maximize returns on investment. Would you like to explore how a tailored software solution can support your business goals?",2026-04-16T22:44:54.701796
Caremother,https://caremother.in/,https://www.linkedin.com/company/caremother,Healthcare,Mumbai,11-50,yes,94,High Intent 🔥,"Recent Funding, High-Growth Industry",Analytics Dashboard,Caremother's recent funding and the high-growth healthcare industry suggest they're expanding rapidly and seeking data-driven insights to inform their business decisions.,"As a healthcare leader with recent funding, it's likely you're looking for ways to optimize operations and make data-driven decisions. Our Analytics Dashboard can help you track key performance indicators, identify areas for improvement, and drive business growth – would you be open to a quick call to explore how?",2026-04-16T22:44:56.333008
Talentcorp Solutions Pvt Ltd,https://www.tsplgroup.in,https://www.linkedin.com/company/tsplgroup,Staffing & Recruiting,Pune,201-500,no,43,Low ❄️,Scaling / Growth Announcements,CRM / ERP Customization,"Talentcorp Solutions Pvt Ltd's scaling announcements suggest they're expanding their operations, possibly straining existing systems, highlighting a need for streamlined processes. CRM/ERP customization can help them scale efficiently and maintain growth momentum.","As you expand your staffing and recruiting services, you're likely handling a growing number of clients, candidates, and opportunities. Customizing a CRM/ERP system can help you centralize data, automate workflows, and make informed decisions – would you like to discuss how to implement this for your business?",2026-04-16T22:44:58.109830
Razorpay,https://razorpay.com,https://www.linkedin.com/company/razorpay,FinTech,Mumbai,1000-5000,yes,100,High Intent 🔥,"Recent Funding, High-Growth Industry, Hiring Tech Roles, Hiring Ops / Support / HR, Digital Transformation",Custom Software / MVP,"Razorpay's recent funding and high-growth industry signals a pressing need for digital transformation and efficient technology implementation. Their hiring of tech roles, ops, and support teams suggests a focus on scalability and operations improvement.","As a FinTech leader navigating rapid growth, you're likely looking to optimize operations and technology infrastructure. Our custom software and MVP solutions can help you streamline processes, enhance customer experiences, and drive business agility. Let's explore how to leverage technology to fuel your success.",2026-04-16T22:44:59.374165
Mypcot Infotech,https://www.mypcot.com,https://www.linkedin.com/company/mypcot-infotech-pvt-ltd,IT Services & Consulting,Mumbai,51-200,no,59,Low ❄️,"Hiring Tech Roles, Scaling / Growth Announcements",CRM / ERP Customization,"Mypcot Infotech's signals suggest they're expanding their tech capabilities and scaling operations, indicating a need for streamlined processes and efficient systems.","Based on your hiring announcements for tech roles and scaling plans, I believe Mypcot Infotech could benefit from customizing a CRM/ERP solution to enhance team collaboration and data-driven decision making. Would you be open to exploring this opportunity further?",2026-04-16T22:45:00.640237
Techniche Imunita,http://www.techniche-imunita.com/,https://www.linkedin.com/company/techniche-imunita-pvt-ltd,Health & Wellness,Pune,11-50,no,68,Warm 🌤️,"High-Growth Industry, Hiring Ops / Support / HR, Scaling / Growth Announcements",Workflow Automation,"Techniche Imunita's hiring and scaling announcements suggest they're expanding rapidly, indicating a need for streamlined processes and efficient support systems to maintain growth. Workflow automation can help them optimize their operations and free up resources.","Congratulations on your recent scaling announcements - we've noticed you're hiring for new ops and support roles. By implementing workflow automation, you can streamline your processes and reduce the administrative burden on your team, allowing them to focus on high-value tasks and support your continued growth.",2026-04-16T22:45:02.248093
Cybage,https://www.cybage.com,https://www.linkedin.com/company/cybage,IT Services & Consulting,Pune,5000-10000,no,72,Warm 🌤️,"Hiring Tech Roles, Scaling / Growth Announcements, Digital Transformation",CRM / ERP Customization,"Cybage is likely expanding their IT capabilities to support digital transformation efforts, and scaling their operations to meet growing demand. This suggests a need for streamlined processes and efficient management of their expanding workforce.","As you announce scaling and growth plans, I noticed your digital transformation initiatives require optimized workflows. Our team at [Your Company] can customize your CRM/ERP systems to align with these goals, ensuring seamless integration and enhanced performance for your growing team.",2026-04-16T22:45:03.525289
Zensar,https://www.zensar.com,https://www.linkedin.com/company/zensar-technologies,IT Services & Consulting,Pune,10000+,no,65,Warm 🌤️,"Hiring Tech Roles, Scaling / Growth Announcements, Digital Transformation",CRM / ERP Customization,"Zensar is likely seeking to streamline its operations and enhance efficiency with the hiring of tech roles and scaling announcements, indicating a need for robust CRM/ERP systems to support digital transformation.","Our expertise in CRM/ERP customization can help Zensar effectively manage its growing client base and optimize workflows, ensuring seamless integration with existing systems and enabling data-driven decision making. Let's discuss how our solutions can support Zensar's digital transformation goals.",2026-04-16T22:45:04.541977
eClerx,https://www.eclerx.com,https://www.linkedin.com/company/eclerx,Business Consulting,Mumbai,10000+,no,35,Low ❄️,Low Digital Presence,Website / System Upgrade,eClerx's low digital presence indicates a need for an online transformation to enhance customer engagement and credibility. Upgrading their website and systems can improve their business consulting services' visibility and reputation.,"We've noticed that eClerx's digital presence is limited, which may impact their business consulting services' visibility and credibility. I'd love to discuss how a website/system upgrade could help them enhance their online presence and better serve their clients.",2026-04-16T22:45:06.879190
Tata Consultancy Services,https://www.tcs.com,https://www.linkedin.com/company/tata-consultancy-services,IT Services & Consulting,Mumbai,10000+,no,35,Low ❄️,Low Digital Presence,Website / System Upgrade,Tata Consultancy Services' low digital presence indicates a need for enhanced online visibility and user experience. An outdated website or system may be hindering their ability to effectively engage with clients and stakeholders.,"As a leading IT services agency, Tata Consultancy Services deserves a digital presence that reflects their expertise. An upgraded website and system can elevate their online presence, improve stakeholder engagement, and drive business growth. Can we discuss how to modernize your digital foundation?",2026-04-16T22:45:07.814417
Infosys,https://www.infosys.com,https://www.linkedin.com/company/infosys,IT Services & Consulting,Pune,10000+,no,35,Low ❄️,Low Digital Presence,Website / System Upgrade,"Low digital presence signals a missed opportunity for Infosys to engage its target audience and establish a strong online reputation, hindering its ability to drive business growth. An outdated digital infrastructure may also compromise user experience and search engine optimization.","Infosys' low digital presence is likely hindering its online reputation and search engine visibility. An upgraded website and system can help Infosys strengthen its online presence, improve user experience, and enhance its search engine optimization. Let's discuss how a modernized digital infrastructure can drive business growth for Infosys.",2026-04-16T22:45:08.677603
Wipro,https://www.wipro.com,https://www.linkedin.com/company/wipro,IT Services & Consulting,Mumbai,10000+,no,50,Low ❄️,"Hiring Tech Roles, Digital Transformation",AI/ML Integration,"Wipro is likely seeking solutions to enhance their tech capabilities and drive digital transformation, indicating a need for innovative technologies like AI/ML Integration. This signals an opportunity to provide strategic support and expertise.","I came across Wipro's hiring efforts and digital transformation initiatives, and I believe our AI/ML Integration service could help bridge the gap between technology and business goals. Would you be open to discussing how AI/ML can drive your company's innovation and growth?",2026-04-16T22:45:10.698034
Capgemini,https://www.capgemini.com,https://www.linkedin.com/company/capgemini,IT Services & Consulting,Mumbai,10000+,no,50,Low ❄️,"Hiring Tech Roles, Digital Transformation",AI/ML Integration,Capgemini's hiring of tech roles and focus on digital transformation indicate a need for advanced solutions to drive business efficiency and innovation. AI/ML integration can address this need by enhancing their digital offerings.,"As Capgemini prioritizes digital transformation, integrating AI/ML into their services can help accelerate business outcomes and improve customer experiences. I'd love to explore how our AI/ML expertise can support their strategic goals. Can we schedule a call to discuss further?",2026-04-16T22:45:11.900363
Cognizant,https://www.cognizant.com,https://www.linkedin.com/company/cognizant,IT Services & Consulting,Pune,10000+,no,65,Warm 🌤️,"Hiring Tech Roles, Scaling / Growth Announcements, Digital Transformation",CRM / ERP Customization,Cognizant's hiring efforts and scaling announcements indicate a need for streamlined processes and efficient technology management. Their digital transformation focus suggests a desire to modernize and optimize their operations.,"We've noticed your recent growth announcements and hiring of tech roles suggest an increased need for scalable business systems. Our expertise in CRM/ERP customization can help you bridge the gap between growth and process optimization, would you like to discuss further?",2026-04-16T22:45:13.068073
Tech Mahindra,https://www.techmahindra.com,https://www.linkedin.com/company/tech-mahindra,IT Services & Consulting,Pune,10000+,no,65,Warm 🌤️,"Hiring Tech Roles, Scaling / Growth Announcements, Digital Transformation",CRM / ERP Customization,"The hiring of tech roles and scaling announcements suggest Tech Mahindra is expanding its capabilities to support digital transformation, while scaling efforts indicate a need for streamlined processes. A CRM/ERP customization can help bridge this gap by modernizing their tech infrastructure.","I noticed Tech Mahindra's recent hiring spree for tech roles and scaling announcements, indicating a major push for digital transformation. Our team at [Your Company] specializes in customizing CRM/ERP systems to support this growth, ensuring seamless process integration and data visibility. Would you be open to a brief discussion on how this can benefit your organization?",2026-04-16T22:45:14.705844
Mindtree (LTIMindtree),https://www.ltimindtree.com,https://www.linkedin.com/company/ltimindtree,IT Services & Consulting,Mumbai,10000+,no,50,Low ❄️,"Hiring Tech Roles, Digital Transformation",AI/ML Integration,"Mindtree (LTIMindtree) is actively hiring tech roles, indicating a need for enhanced IT capabilities, while their interest in digital transformation suggests a desire for more efficient processes. AI/ML Integration can address these needs by optimizing their operations and driving business outcomes.","As you explore digital transformation and hire tech talent, consider leveraging AI/ML to streamline your operations and drive business growth. I'd love to discuss how AI/ML Integration can enhance your IT capabilities and help you achieve your goals.",2026-04-16T22:45:16.844107
Reliance Industries,https://www.ril.com,https://www.linkedin.com/company/reliance,Conglomerate,Mumbai,10000+,no,87,High Intent 🔥,"Needs Digital Presence, Hiring Tech Roles, Scaling / Growth Announcements, Digital Transformation",Website / System Upgrade,"Reliance Industries' signals indicate a need for digital presence and transformation, driven by growth announcements, hiring tech roles, and scaling efforts.","As you expand your digital footprint and transform your business, a modern website and upgraded system infrastructure can help you stay agile and competitive. I'd love to explore how a website/system upgrade can support your growth ambitions.",2026-04-16T22:45:17.759290
Larsen & Toubro,https://www.larsentoubro.com,https://www.linkedin.com/company/larsen-&-toubro-limited,Engineering & Construction,Mumbai,10000+,no,72,Warm 🌤️,"Needs Digital Presence, Hiring Tech Roles, Scaling / Growth Announcements",Website / System Upgrade,"Larsen & Toubro's signals indicate a need for modern digital presence and infrastructure to support growth, suggesting an opportunity for a website/system upgrade. This upgrade can enhance their online presence and support scaling efforts in the engineering and construction industry.","We've detected that Larsen & Toubro is expanding its tech capabilities and scaling operations. Upgrading their digital presence could streamline internal processes, enhance customer engagement, and drive business growth - I'd love to discuss a tailored solution, is there a good time for a call?",2026-04-16T22:45:18.824480
Bajaj Finserv,https://www.bajajfinserv.in,https://www.linkedin.com/company/bajaj-finserv,Financial Services,Pune,10000+,no,32,Low ❄️,High-Growth Industry,Analytics Dashboard,Bajaj Finserv's high-growth industry signals indicate a need for data-driven decision-making and efficient operation optimization. An analytics dashboard can provide real-time insights to drive business growth and competitiveness.,"As a leading financial services company in a high-growth industry, Bajaj Finserv likely requires a data-driven approach to stay competitive. Our customizable analytics dashboard can help you make informed decisions and optimize operations for sustained growth - let's schedule a call to discuss further.",2026-04-16T22:45:19.619426
BookMyShow,https://in.bookmyshow.com,https://www.linkedin.com/company/bookmyshow,Entertainment,Mumbai,1000-5000,yes,86,High Intent 🔥,Recent Funding,Analytics Dashboard,"BookMyShow's recent funding likely indicates an increased focus on scaling operations and optimizing business performance, suggesting a need for data-driven insights to inform strategic decisions. An analytics dashboard can help address this need by providing actionable insights and trends.","With your recent funding, BookMyShow is poised for growth. An analytics dashboard can help you unlock the full potential of your business by providing real-time insights and trends, enabling data-driven decisions and informed growth strategies - would you like to schedule a call to discuss further?",2026-04-16T22:45:20.762193
Fractal Analytics,https://fractal.ai,https://www.linkedin.com/company/fractal-analytics,Business Consulting,Mumbai,5000-10000,yes,100,High Intent 🔥,"Recent Funding, Hiring Tech Roles, Scaling / Growth Announcements",Custom Software / MVP,"Fractal analytics recently secured funding, indicating growth and budget for new tech initiatives. Additionally, they are actively hiring tech talent, suggesting an expansion of their engineering capabilities.",Congrats on the recent funding round at Fractal Analytics! Many Business Consulting companies at this stage invest in custom software / mvp to scale efficiently — GarunaCDX specializes in exactly that.,2026-04-16T22:45:23.855816
PharmEasy,https://pharmeasy.in,https://www.linkedin.com/company/pharmeasy/,Health & Wellness,Mumbai,1000-5000,yes,100,High Intent 🔥,"Recent Funding, High-Growth Industry, Hiring Tech Roles, Hiring Ops / Support / HR",Custom Software / MVP,"PharmEasy's recent funding and high-growth industry indicate a need for scalable solutions, while hiring tech and operational roles suggests a drive for efficiency and growth. A custom software or MVP can help them streamline processes and stay competitive.","With recent funding and a high-growth industry, PharmEasy is poised to innovate and expand. A custom software or MVP can help them optimize operations and improve customer experiences, setting them up for long-term success - I'd love to discuss how.",2026-04-16T22:45:24.755088
Dream11,https://www.dream11.com,https://www.linkedin.com/company/dream11/,IT Services & Consulting,Mumbai,201-500,yes,100,High Intent 🔥,"Recent Funding, Hiring Tech Roles, Hiring Ops / Support / HR",Custom Software / MVP,"Dream11's recent funding and hiring of tech and operational roles suggest they're scaling their platform and looking for efficient solutions to support their growth, likely requiring a custom software or MVP to streamline processes.","With your recent funding and hiring efforts, I'd love to discuss how a custom software solution or MVP can help Dream11 optimize their operations and accelerate growth, potentially through a strategic partnership to develop a tailored platform that meets their evolving needs. Can we schedule a call to explore this opportunity further?",2026-04-16T22:45:25.693676
LenDenClub,https://www.lendenclub.com,https://www.linkedin.com/company/lenden-club/,Financial Services,Mumbai,201-500,yes,100,High Intent 🔥,"Recent Funding, High-Growth Industry, Hiring Tech Roles, Scaling / Growth Announcements",Custom Software / MVP,LenDenClub's recent funding and high-growth industry indicate a need for scalable solutions to fuel their expansion. The hiring of tech roles and scaling announcements suggest they're seeking efficient tech infrastructure to support their growth.,"Given your recent funding and aggressive hiring of tech talent, it's likely you're looking to leverage cutting-edge tech to drive business growth. I'd love to discuss how a custom software MVP can help you streamline operations and achieve your growth goals.",2026-04-16T22:45:26.668857
CASHe,https://www.cashe.co.in,https://www.linkedin.com/company/cashe-app/,Financial Services,Mumbai,201-500,yes,100,High Intent 🔥,"Recent Funding, High-Growth Industry, Hiring Ops / Support / HR",Workflow Automation,"Cashe recently secured funding, indicating growth and budget for new tech initiatives. Additionally, operational hiring suggests growing pains that could benefit from workflow automation.",Congrats on the recent funding round at CASHe! Many Financial Services companies at this stage invest in workflow automation to scale efficiently — GarunaCDX specializes in exactly that.,2026-04-16T22:45:28.406855
MyGlamm,https://www.myglamm.com,https://www.linkedin.com/company/myglamm/,IT Services & Consulting,Mumbai,501-1000,yes,86,High Intent 🔥,Recent Funding,Analytics Dashboard,"MyGlamm's recent funding suggests they're expanding their IT capabilities, likely seeking data-driven solutions to optimize operations. An analytics dashboard can provide actionable insights to inform strategic decisions.","As a tech services agency with expertise in analytics, I'd love to explore how an customized analytics dashboard can help MyGlamm leverage their recent funding to drive data-informed growth and optimize IT operations. Would you be open to a brief discussion to explore further?",2026-04-16T22:45:30.999826
Good Glamm Group,https://www.goodglamm.com,https://www.linkedin.com/company/goodglammgroup/,Consumer Goods,Mumbai,1000-5000,yes,88,High Intent 🔥,Recent Funding,Analytics Dashboard,"Good Glamm Group's recent funding indicates a growth phase, suggesting the need to scale operations and measure performance. An analytics dashboard will help them track key metrics and make data-driven decisions.","As Good Glamm Group looks to maximize the impact of their recent funding, an analytics dashboard can provide real-time insights into consumer behavior and preferences. Let's discuss how this can help optimize their consumer goods offerings and drive business growth.",2026-04-16T22:45:34.273465
Pepperfry,https://www.pepperfry.com,https://www.linkedin.com/company/pepperfry/,E-Commerce,Mumbai,501-1000,yes,100,High Intent 🔥,"Recent Funding, High-Growth Industry",Analytics Dashboard,"Pepperfry's recent funding and high-growth e-commerce industry indicate a need for data-driven decision making, and an analytics dashboard can provide actionable insights for strategic growth.","With your recent funding and the competitive e-commerce landscape, it's crucial to optimize operations and measure performance effectively. Our analytics dashboard can help you track key metrics, identify areas for improvement, and make data-driven decisions; would you like to schedule a call to discuss further?",2026-04-16T22:45:35.394299
Rebel Foods,https://www.rebelfoods.com,https://www.linkedin.com/company/rebel-foods/,Food & Beverage,Mumbai,5000-10000,yes,100,High Intent 🔥,"Recent Funding, High-Growth Industry, Hiring Tech Roles, Scaling / Growth Announcements",Custom Software / MVP,"Rebel foods recently secured funding, indicating growth and budget for new tech initiatives. Additionally, they are actively hiring tech talent, suggesting an expansion of their engineering capabilities.",Congrats on the recent funding round at Rebel Foods! Many Food & Beverage companies at this stage invest in custom software / mvp to scale efficiently — GarunaCDX specializes in exactly that.,2026-04-16T22:45:38.406023
Zepto,https://www.zeptonow.com,https://www.linkedin.com/company/zeptonow/,IT Services & Consulting,Mumbai,5000-10000,yes,100,High Intent 🔥,"Recent Funding, Hiring Tech Roles, Hiring Ops / Support / HR, Scaling / Growth Announcements",Custom Software / MVP,"Zepto's recent funding, hiring of tech roles, and scaling announcements indicate a need for efficient solutions to support their growth. Their operational and HR hiring suggest a focus on process optimization.","With your recent funding and growth plans in motion, developing a custom software MVP could streamline operations, enhance scalability, and drive business agility. I'd love to discuss how Zepto can leverage technology to accelerate their success.",2026-04-16T22:45:40.405200
CleverTap,https://clevertap.com,https://www.linkedin.com/company/clevertap/,IT Services & Consulting,Mumbai,501-1000,yes,100,High Intent 🔥,"Recent Funding, Hiring Tech Roles, Digital Transformation",Custom Software / MVP,"CleverTap's recent funding and hiring of tech roles indicate a surge in digital transformation initiatives, suggesting a need for efficient and scalable solutions to drive business growth. The company's efforts to modernize its operations likely require a custom software or MVP to streamline processes and enhance customer engagement.","With your recent funding and expansion of tech talent, CleverTap is poised to revolutionize its digital transformation. I'd love to discuss how a custom software or MVP can help you leverage this momentum, accelerating your path to business growth and customer success. Let's explore the possibilities.",2026-04-16T22:45:41.921675
MSwipe,https://www.mswipe.com,https://www.linkedin.com/company/mswipe/,Financial Services,Mumbai,1000-5000,yes,100,High Intent 🔥,"Recent Funding, High-Growth Industry, Hiring Tech Roles, Hiring Ops / Support / HR",Custom Software / MVP,"Mswipe recently secured funding, indicating growth and budget for new tech initiatives. Additionally, they are actively hiring tech talent, suggesting an expansion of their engineering capabilities.",Congrats on the recent funding round at MSwipe! Many Financial Services companies at this stage invest in custom software / mvp to scale efficiently — GarunaCDX specializes in exactly that.,2026-04-16T22:45:43.228632
Xpressbees,https://www.xpressbees.com,https://www.linkedin.com/company/xpressbees/,Logistics,Pune,10000+,yes,92,High Intent 🔥,"Recent Funding, High-Growth Industry",Analytics Dashboard,"Xpressbees recently secured funding, indicating growth and budget for new tech initiatives. Additionally, operating in the high-growth Logistics sector means competitive pressure to adopt technology.",Congrats on the recent funding round at Xpressbees! Many Logistics companies at this stage invest in analytics dashboard to scale efficiently — GarunaCDX specializes in exactly that.,2026-04-16T22:45:44.364304
Altizon,https://www.altizon.com,https://www.linkedin.com/company/altizon/,Manufacturing,Pune,51-200,yes,100,High Intent 🔥,"Recent Funding, Needs Digital Presence, Hiring Tech Roles, Scaling / Growth Announcements",Custom Software / MVP,"Altizon's recent funding and scaling announcements suggest they're accelerating growth, while their hiring efforts and need for a digital presence indicate an urgent need for efficient technology solutions. This indicates a strong opportunity for a custom software or MVP to drive future innovation.","Congratulations on your recent funding and growth milestones! I'd love to discuss how a custom software or MVP can help you optimize your operations and digital presence, ensuring seamless scalability as you continue to innovate and expand your manufacturing solutions.",2026-04-16T22:45:49.059877
MindTickle,https://www.mindtickle.com,https://www.linkedin.com/company/mindtickle/,Software Development,Pune,501-1000,yes,100,High Intent 🔥,"Recent Funding, Hiring Tech Roles, Scaling / Growth Announcements",Custom Software / MVP,"MindTickle's recent funding, tech role hiring, and scaling announcements suggest a strong desire to enhance their tech capabilities and drive growth through innovative solutions, likely involving new software development initiatives.","Considering your company's significant growth momentum, I'd like to explore how a custom software solution or Minimum Viable Product (MVP) can address specific pain points and accelerate your progress, potentially leveraging the latest technologies and scalable architecture.",2026-04-16T22:45:50.704112
PubMatic,https://www.pubmatic.com,https://www.linkedin.com/company/pubmatic/,Advertising Technology,Pune,501-1000,yes,100,High Intent 🔥,"Recent Funding, High-Growth Industry, Hiring Tech Roles, Scaling / Growth Announcements",Custom Software / MVP,"PubMatic's recent funding and high-growth industry signals indicate a need to scale existing infrastructure and meet increasing demand, while hiring tech roles suggests a focus on developing key capabilities. Their growth announcements further underscore the urgency to optimize processes and systems.","Given PubMatic's rapid expansion and focus on hiring tech talent, I believe a custom software solution would be a strategic fit to streamline operations, improve efficiency, and support their growth goals. Would you be open to discussing how a minimal viable product (MVP) could support your team's objectives?",2026-04-16T22:45:52.142043
Durva,https://www.druva.com,https://www.linkedin.com/company/druva/,Software Development,Pune,1000-5000,yes,100,High Intent 🔥,"Recent Funding, Hiring Tech Roles, Hiring Ops / Support / HR, Scaling / Growth Announcements, Digital Transformation",Custom Software / MVP,"Durva recently secured funding, indicating growth and budget for new tech initiatives. Additionally, they are actively hiring tech talent, suggesting an expansion of their engineering capabilities.",Congrats on the recent funding round at Durva! Many Software Development companies at this stage invest in custom software / mvp to scale efficiently — GarunaCDX specializes in exactly that.,2026-04-16T22:45:54.406315
Tork Motors,https://www.torkmotors.com,https://www.linkedin.com/company/tork-motors-pvt-ltd/,Automotive,Pune,201-500,yes,100,High Intent 🔥,"Recent Funding, Needs Digital Presence",Website / System Upgrade,"Tork Motors' recent funding indicates growth and expansion plans, while the need for a digital presence suggests a desire to strengthen its online presence and reach new customers. This signals an opportunity for a strategic website/system upgrade to support their evolving business needs.","Following Tork Motors' recent funding and the need for a digital presence, a modern website and system upgrade can help them effectively communicate their brand story, engage with customers, and drive business growth. I'd love to explore how this can be achieved.",2026-04-16T22:45:56.048580
Fibe India,https://www.fibe.in,https://www.linkedin.com/company/fibe-in/,Financial Services,Pune,501-1000,yes,100,High Intent 🔥,"Recent Funding, High-Growth Industry, Hiring Tech Roles",Custom Software / MVP,"Fibe india recently secured funding, indicating growth and budget for new tech initiatives. Additionally, they are actively hiring tech talent, suggesting an expansion of their engineering capabilities.",Congrats on the recent funding round at Fibe India! Many Financial Services companies at this stage invest in custom software / mvp to scale efficiently — GarunaCDX specializes in exactly that.,2026-04-16T22:45:57.594226
ElasticRun,https://www.elastic.run,https://www.linkedin.com/company/elasticrun/,Logistics,Pune,1000-5000,yes,100,High Intent 🔥,"Recent Funding, High-Growth Industry",Analytics Dashboard,ElasticRun's recent funding and the high-growth logistics industry suggest a need for refined data analysis and actionable insights to optimize operations and drive further growth. An analytics dashboard can provide the necessary visibility and control to achieve these goals.,"As ElasticRun navigates the rapidly expanding logistics landscape, an analytics dashboard can help unlock the full potential of your recent funding by providing real-time visibility into key performance metrics and data-driven decision support. Would you like to schedule a call to explore how this can benefit your organization?",2026-04-16T22:45:58.684389
credAble,https://www.credable.in,https://www.linkedin.com/company/credable.in/,Financial Services,Mumbai,201-500,yes,100,High Intent 🔥,"Recent Funding, High-Growth Industry, Hiring Tech Roles, Scaling / Growth Announcements, Digital Transformation",Custom Software / MVP,"credAble's recent funding and growth announcements, coupled with tech hiring, suggest a need to rapidly scale their platform and innovate. Digital transformation initiatives likely require custom solutions to support their expanding financial services offerings.",Congratulations on the recent funding – we've noticed credAble's focus on scaling and digital transformation. Our team specializes in building custom software and MVPs to accelerate growth for fintechs like yours; would you be open to a brief discussion about your roadmap?,2026-04-16T22:46:05.371106
Harbinger Group,https://www.harbingergroup.com,https://www.linkedin.com/company/harbinger-group/,IT Services & Consulting,Pune,501-1000,no,61,Warm 🌤️,"Hiring Tech Roles, Digital Transformation",AI/ML Integration,Harbinger Group is likely seeking to enhance its technical capabilities and drive digital transformation through strategic hiring and integration of new technologies. The detected signals suggest a need for AI/ML solutions to streamline processes and improve efficiency.,I came across Harbinger Group's recent hiring of tech roles and digital transformation efforts and thought you might be interested in exploring AI/ML Integration to unlock operational efficiency and enhance strategic decision-making. Would you like to discuss how this might align with your goals?,2026-04-16T22:46:11.462168
Sarvatra Technologies,https://www.sarvatra.com,https://www.linkedin.com/company/sarvatra-technologies/,FinTech,Pune,501-1000,no,46,Low ❄️,High-Growth Industry,Analytics Dashboard,Sarvatra Technologies' presence in the high-growth FinTech industry suggests a need to refine business strategies and make data-driven decisions. An analytics dashboard can provide the necessary insights to inform their decision-making processes.,"As a FinTech player, Sarvatra Technologies is likely seeking efficient ways to monitor industry trends and customer behavior. Our analytics dashboard can help you stay on top of market shifts and optimize your services to drive growth, would you like to learn more?",2026-04-16T22:46:13.110979
Pinnacle Teleservices,https://www.pinnacle.in,https://www.linkedin.com/company/pinnacle-teleservices-pvt-ltd/,IT Services & Consulting,Nagpur,201-500,no,88,High Intent 🔥,"Hiring Tech Roles, Hiring Ops / Support / HR, Digital Transformation",Workflow Automation,Pinnacle Teleservices' hiring of tech roles and digital transformation efforts indicate a need to streamline processes and improve operational efficiency. The addition of new ops and support staff also suggests a desire to optimize internal workflows.,"As you embark on digital transformation and expand your tech teams, are you leveraging automation to unlock productivity and reduce manual effort? Our workflow automation solutions can help you integrate processes and drive efficiency gains across your organization.",2026-04-16T22:46:15.498813
Talent Corner HR Services,https://www.talentcorner.in,https://www.linkedin.com/company/talent-corner-hr-services-pvt-ltd/,Business Consulting,Mumbai,51-200,no,84,High Intent 🔥,"Hiring Tech Roles, Hiring Ops / Support / HR, Scaling / Growth Announcements",Workflow Automation,"The signals suggest Talent Corner HR Services is facing challenges in efficiently handling growing tech roles, operations, and HR needs. Their scaling announcements indicate a desire to optimize internal processes.","As you scale Talent Corner HR Services, streamlining your hiring and support workflows is crucial. Our workflow automation solutions can help you centralize your operations, reducing manual errors and increasing productivity - would you like to explore how?",2026-04-16T22:46:17.593454
Orangebits,https://www.orangebitsindia.com,https://www.linkedin.com/company/orangebitsindia/,IT Services & Consulting,Nagpur,51-200,no,74,Warm 🌤️,"Hiring Tech Roles, Scaling / Growth Announcements, Digital Transformation",CRM / ERP Customization,"The hiring of tech roles and scaling announcements suggest Orangebits is expanding its capabilities, while digital transformation efforts indicate a need for streamlined processes. Our analysis indicates a high likelihood of CRM/ERP customization being a priority for Orangebits.","Given your company's recent hiring of tech roles and digital transformation initiatives, I believe a customized CRM/ERP solution could be a game-changer for scaling your operations efficiently. Would you be open to discussing how this could support your growth plans?",2026-04-16T22:46:18.645694
Netwin Infosolutions,https://www.netwininfosolutions.com,https://www.linkedin.com/company/netwininfosolutions/,IT Services & Consulting,Nashik,201-500,no,63,Warm 🌤️,"Hiring Tech Roles, Digital Transformation",AI/ML Integration,"Netwin Infosolutions is likely seeking to enhance its technical capabilities through strategic hiring and digital transformation efforts, indicating a need for innovative solutions to stay competitive. AI/ML integration can bridge this gap by automating processes and improving operational efficiency.","Given your focus on hiring tech roles and driving digital transformation, I believe AI/ML integration can significantly enhance your existing services. I'd love to discuss how our expertise in this area can help Netwin Infosolutions achieve its goals, starting with a 30-minute exploratory call.",2026-04-16T22:46:24.232288
Eros Technologies,https://www.erostechnologies.com,https://www.linkedin.com/company/eros-technologies-inc/,Staffing & Recruiting,Nagpur,201-500,no,100,High Intent 🔥,"Hiring Tech Roles, Hiring Ops / Support / HR, Scaling / Growth Announcements, Digital Transformation",Workflow Automation,"Eros Technologies is likely experiencing growth and scaling issues, necessitating the automation of manual processes to maintain operational efficiency. Hiring announcements for tech and support roles suggest the company is investing in its core infrastructure.","You've announced plans to scale your staffing agency, Eros Technologies, and recently hired tech and support roles to drive growth. Streamlining your workflow with automation tools like our Workflow Automation service could help you maintain this momentum and improve operational efficiency, wouldn't you like to learn more?",2026-04-16T22:46:30.194854
Technocraft Solutions,https://www.technocraftgroup.com,https://www.linkedin.com/company/technocraft-solutions/,IT Services & Consulting,Mumbai,201-500,no,63,Warm 🌤️,"Hiring Tech Roles, Scaling / Growth Announcements",CRM / ERP Customization,Technocraft Solutions' hiring of tech roles and scaling announcements signal a need to optimize their internal processes to support growth. Customization of their CRM/ERP system can help streamline operations and improve efficiency.,"As you expand your operations, are you struggling to keep up with the demands of your growing team? Our expertise in CRM/ERP customization can help you automate workflows, enhance data visibility, and drive business agility – let's discuss how.",2026-04-16T22:46:31.861703
Binary Semantics,https://www.binarysemantics.com,https://www.linkedin.com/company/binary-semantics-ltd./,IT Services & Consulting,Nagpur,1000-5000,no,46,Low ❄️,Outdated Website,Website / System Upgrade,"Binary Semantics' outdated website may be hindering their online presence and ability to attract new clients, highlighting a need for a modernized digital presence. A website/system upgrade could improve their online image and increase competitiveness in the IT services market.","As you strive to modernize your IT services offerings, your company's website is likely holding you back. A website/system upgrade can help Binary Semantics refresh their online image and better serve clients – let's explore how a tailored upgrade can elevate your business.",2026-04-16T22:46:40.453480
NextGen Invent Corporation |,https://www.nextgeninvent.com,https://www.linkedin.com/company/nextgen-invent-corporation/,IT Services & Consulting,Nagpur,201-500,no,78,Warm 🌤️,"Hiring Tech Roles, Scaling / Growth Announcements, Digital Transformation",CRM / ERP Customization,NextGen Invent Corporation's hiring of tech roles and scaling announcements indicate a need for streamlined processes and efficient data management. Digital transformation efforts suggest a desire for integrated systems to support growth.,"As you navigate digital transformation and scale your operations, ensuring seamless integration between your CRM and ERP systems is crucial. I'd love to explore how customized solutions can support your growth strategy and help you make data-driven decisions with confidence. Would you be open to a quick call to discuss further?",2026-04-16T22:46:42.589403
Sumago Infotech,https://www.sumagoinfotech.com,https://www.linkedin.com/company/sumago-infotech-pvt-ltd/,IT Services & Consulting,Nashik,51-200,no,44,Low ❄️,Low Digital Presence,Website / System Upgrade,Sumago Infotech's low digital presence indicates a need for a robust online platform to attract and engage with clients. An outdated system upgrade is a critical step in enhancing their digital footprint and staying competitive.,"I came across Sumago Infotech and noticed your digital presence could benefit from a modernized website and system upgrade. Let's discuss how a tailored upgrade can elevate your online presence, improve client engagement, and drive business growth. Shall we schedule a call to explore further?",2026-04-16T22:46:45.754188
Winjit Technologies,https://www.winjit.com,https://www.linkedin.com/company/winjit-technologies/,IT Services & Consulting,Nashik,501-1000,no,96,High Intent 🔥,"Hiring Tech Roles, Scaling / Growth Announcements, Outdated Website, Digital Transformation",Website / System Upgrade,"Winjit Technologies' hiring of tech roles and scaling announcements suggest the company is in growth mode, while its outdated website indicates a need for digital modernization. These signals indicate the company's desire for a more efficient, scalable online presence.","We've noticed that Winjit Technologies is expanding its tech team and making strategic growth announcements, yet its website seems to be lagging behind. An upgrade could help you better reflect your growth and provide a more seamless experience for customers and talent alike. Would you like to discuss how a modern website can support your ambitions?",2026-04-16T22:46:47.674077
ESDS Software Solution,https://www.esds.co.in,https://www.linkedin.com/company/esdsdc/,IT Services & Consulting,Nashik,501-1000,yes,86,High Intent 🔥,Recent Funding,Analytics Dashboard,The recent funding at ESDS Software Solution suggests that they are expanding their operations and may need better visibility into their business performance. An analytics dashboard can help them monitor key metrics and make informed decisions.,"As ESDS Software Solution grows, having a clear understanding of your business performance becomes increasingly important. Our analytics dashboard can provide you with real-time visibility into key metrics, empowering data-driven decisions and driving growth.",2026-04-16T22:46:48.526634
Aress Software,https://www.aress.com,https://www.linkedin.com/company/aress-software/,IT Services & Consulting,Nashik,501-1000,no,76,Warm 🌤️,"Hiring Tech Roles, Scaling / Growth Announcements, Digital Transformation",CRM / ERP Customization,"Aress Software's hiring of tech roles and scaling announcements suggest a pressing need to streamline and automate their operations, likely driven by a digital transformation initiative. This implies a requirement for a robust CRM/ERP system to support their growth.","Given your company's recent hiring of tech roles and scaling efforts, I believe a customized CRM/ERP solution could help optimize your workflows and support your digital transformation goals. Would you be open to exploring how a tailored system can drive efficiency and growth?",2026-04-16T22:46:50.195971
Datamatics,https://www.datamatics.com,https://www.linkedin.com/company/datamatics/,IT Services & Consulting,Nashik,10000+,no,65,Warm 🌤️,"Hiring Tech Roles, Scaling / Growth Announcements, Digital Transformation",CRM / ERP Customization,"Datamatics is likely seeking to enhance its operational efficiency by leveraging technology to support its hiring and growth ambitions, requiring scalable solutions.","As Datamatics expands its tech capabilities through hiring and digital transformation, a tailored CRM/ERP customization could streamline processes, enable better decision-making, and drive business growth - let's discuss how to optimize your systems for success.",2026-04-16T22:46:51.759587
WNS Global Services,https://www.wns.com,https://www.linkedin.com/company/wns-global-services/,Business Consulting,Mumbai,10000+,yes,100,High Intent 🔥,"Recent Funding, Hiring Tech Roles, Hiring Ops / Support / HR, Scaling / Growth Announcements, Digital Transformation",Custom Software / MVP,"WNS Global Services' recent funding, hiring of tech roles, and scaling announcements suggest they're poised for digital transformation, indicating a need for innovative solutions to drive growth. The hiring of ops and HR personnel further indicates a focus on process efficiency and scalability.","As WNS Global Services embarks on digital transformation, developing a custom software MVP could streamline operations, enhance scalability, and drive growth. I'd love to discuss how a tailored MVP can address your specific needs and business goals.",2026-04-16T22:46:55.053166
Hexaware Technologies,https://www.hexaware.com,https://www.linkedin.com/company/hexaware-technologies/,IT Services & Consulting,Mumbai,10000+,yes,100,High Intent 🔥,"Recent Funding, Hiring Tech Roles, Scaling / Growth Announcements, Digital Transformation",Custom Software / MVP,"Hexaware Technologies' recent funding, hiring, and growth announcements suggest a need to scale digital transformation efforts efficiently. Their signals indicate a focus on building or acquiring custom software solutions to drive innovation.","With your recent funding and hiring of tech roles, I'd love to discuss how a custom software MVP can accelerate your digital transformation initiatives, streamlining processes and driving business value. Would you be open to a call to explore this opportunity further?",2026-04-16T22:47:03.854167
Webwing Technologies,https://www.webwingtechnologies.com,https://www.webwingtechnologies.com,IT Services & Consulting,Nashik,51-200,no,44,Low ❄️,Low Digital Presence,Website / System Upgrade,"Webwing Technologies' low digital presence suggests they may be missing opportunities for online engagement and visibility, indicating a need for enhanced online presence. A website/system upgrade could be the key to improving their digital footprint.","Hi, I noticed Webwing Technologies' current digital presence may be limiting their online engagement and visibility. An upgraded website and system could help you better showcase your services and attract new clients; would you be open to exploring options for a refresh?",2026-04-16T22:47:05.834681
Samarth Softech,https://samarthsoftech.com,https://www.linkedin.com/company/samarth-softech-solution-pvt-ltd/,IT Services & Consulting,Nashik,51-200,no,39,Low ❄️,Digital Transformation,AI/ML Integration,"Samarth Softech is signaling a strong interest in Digital Transformation, indicating a need for innovative solutions to drive business growth. This suggests they may benefit from integrating AI/ML capabilities to enhance their services and stay competitive.",I came across Samarth Softech's interest in Digital Transformation and thought of AI/ML Integration as a potential solution to bridge the gap between technology and business goals. Would you be open to discussing how this integration can drive meaningful results for your organization?,2026-04-16T22:47:07.382080
Endurance Technologies,https://www.endurancegroup.com,https://www.linkedin.com/company/endurance-technologies-pvt.-ltd./,Automotive,Aurangabad,1000-5000,no,48,Low ❄️,Needs Digital Presence,Website / System Upgrade,Endurance Technologies indicates a need for a digital presence upgrade to better engage with the automotive industry. This signals an opportunity for a website and system overhaul to enhance their online presence and competitiveness.,"As a leading tech services agency, we've observed that Endurance Technologies requires a modern digital foundation to keep pace with the evolving automotive landscape. Let's discuss how our website and system upgrade services can elevate their online presence and drive business growth.",2026-04-16T22:47:08.301776
Garware Technical Fibres,https://www.garwarefibres.com,https://www.linkedin.com/company/garware-technical-fibres/,Manufacturing,Pune,1000-5000,no,46,Low ❄️,Needs Digital Presence,Website / System Upgrade,"Garware Technical Fibres exhibits a pressing need for enhanced digital presence, suggesting an outdated or inadequate online platform. This indicates a missed opportunity to showcase their manufacturing capabilities to a broader audience.","As a leader in manufacturing, Garware Technical Fibres' outdated digital presence is hindering their online visibility. A website/system upgrade would allow them to effectively communicate their innovative solutions and products to potential customers, staying ahead in the market.",2026-04-16T22:47:09.294501
Varroc,https://www.varroc.com,https://www.linkedin.com/company/varroc-global/,Automotive,Aurangabad,5000-10000,no,64,Warm 🌤️,"Needs Digital Presence, Outdated Website",Website / System Upgrade,"Varroc's outdated website suggests a lack of focus on digital presence in the competitive automotive industry, indicating an opportunity for modernization. This could be hindering their ability to effectively engage with customers and showcase their services.","As an automotive industry leader, Varroc's outdated website may be limiting their online visibility and customer engagement opportunities. I'd like to discuss how an upgraded digital presence can help Varroc stay ahead of the competition; would you be open to a brief consultation to explore possibilities?",2026-04-16T22:47:10.376608
Siemens,https://www.linkedin.com/company/ecom-express-ltd/?originalSubdomain=in,https://www.linkedin.com/company/siemens/,Manufacturing,Nagpur,10000+,no,95,High Intent 🔥,"Needs Digital Presence, Hiring Tech Roles, Hiring Ops / Support / HR, Scaling / Growth Announcements",Workflow Automation,"Siemens is experiencing rapid growth, leading to a need for enhanced digital presence and scalable operations. The hiring of tech roles, ops/ support/hr positions, and scaling announcements confirm this expansion.","As a leading tech services agency scaling rapidly, Siemens is likely seeking solutions to streamline operations and enhance digital presence. Our workflow automation services can help automate manual processes, freeing up resources for innovation and growth. Would you be open to a discussion on how to implement this efficiently?",2026-04-16T22:47:14.051718
Pratiti Technologies,https://www.pratititech.com,https://www.linkedin.com/company/pratiti-technologies/,IT Services & Consulting,Pune,201-500,no,78,Warm 🌤️,"Hiring Tech Roles, Scaling / Growth Announcements, Digital Transformation",CRM / ERP Customization,"Pratiti Technologies is likely experiencing rapid growth, driving the need for efficient tech role hiring and digital transformation. Our analysis suggests they require streamlined processes and data management to support their growth.","As Pratiti Technologies scales, ensuring seamless hiring processes and integrating new systems is crucial. Our CRM/ERP customization services can help you optimize tech talent acquisition and digital transformation, maximizing productivity and growth. Would you be open to discussing how our expertise can support your company's evolution?",2026-04-16T22:47:20.386821
Quess Crop,https://www.quesscorp.com,https://www.linkedin.com/company/quess-corp/,Staffing & Recruiting,Mumbai,10000+,yes,75,Warm 🌤️,Recent Funding,Analytics Dashboard,"Recent funding suggests Quess Crop is poised for growth, indicating a need for scalable solutions to optimize their staffing and recruiting processes. An analytics dashboard can provide the necessary visibility to inform data-driven decisions.","As Quess Crop expands, leveraging data-driven insights to streamline operations can be a game-changer. Our analytics dashboard can help you track key performance indicators, make informed decisions, and drive growth – would you like to schedule a consultation to explore further?",2026-04-16T22:47:22.803474
Udaan,https://www.udaan.com,https://www.linkedin.com/company/udaan/,Logistics,Mumbai,1000-5000,yes,100,High Intent 🔥,"Recent Funding, High-Growth Industry, Scaling / Growth Announcements, Digital Transformation",CRM / ERP Customization,"Udaan's recent funding and high-growth industry signals indicate a need to optimize operations for scale, while digital transformation announcements suggest a desire to streamline processes. Our analysis suggests that CRM/ERP customization could be a key solution to support Udaan's growth ambitions.","With recent funding and scaling announcements, Udaan is poised for exponential growth. Customizing your CRM/ERP system can help you stay ahead by automating workflows and providing a 360-degree view of your logistics operations. Let's discuss how a tailored solution can support your growth strategy.",2026-04-16T22:47:24.261031
Swiggy,https://www.swiggy.com,https://www.linkedin.com/company/swiggy-in/,Logistics,Mumbai,10000+,yes,92,High Intent 🔥,"Recent Funding, High-Growth Industry",Analytics Dashboard,"Swiggy's recent funding and high-growth industry signal a need for optimized logistics operations and data-driven decision-making, making it an ideal candidate for implementing an analytics dashboard.","Given Swiggy's recent influx of funding and the rapidly evolving logistics landscape, leveraging an analytics dashboard would enable data-driven insights, improved operational efficiency, and strategic growth momentum. I'd love to discuss how this solution can support Swiggy's continued success.",2026-04-16T22:47:25.955912
Delhivery,https://www.delhivery.com,https://www.linkedin.com/company/delhivery/,Logistics,Mumbai,10000+,yes,92,High Intent 🔥,"Recent Funding, High-Growth Industry",Analytics Dashboard,Delhivery's recent funding and position in a high-growth logistics sector suggest rapid scaling and increased operational complexity. They likely require robust data visibility to optimize efficiency and manage expansion effectively.,"With recent funding fueling Delhivery's growth, ensuring efficient route optimization and delivery performance is critical. Our analytics dashboard provides real-time insights into key logistics metrics, allowing you to proactively identify bottlenecks and improve operational ROI – would you be open to a brief demo?",2026-04-16T22:47:33.880826
Ecom Express,https://www.ecomexpress.in,https://www.linkedin.com/company/ecom-express-ltd/,Logistics,Mumbai,10000+,yes,92,High Intent 🔥,"Recent Funding, High-Growth Industry",Analytics Dashboard,Ecom Express's recent funding and high-growth industry signals indicate a need for scalable and data-driven decision-making to optimize logistics operations.,"As Ecom Express navigates rapid expansion, an analytics dashboard can provide real-time visibility into operations, enabling informed decisions and increased efficiency. Would you be open to discussing how advanced analytics can support your growth strategy?",2026-04-16T22:47:35.598822
Rivigo,https://www.rivigo.com,https://www.linkedin.com/company/rivigo/,Logistics,Mumbai,1000-5000,yes,100,High Intent 🔥,"Recent Funding, High-Growth Industry, Outdated Website",Website / System Upgrade,"Rivigo's recent funding and high-growth industry suggest a need for scalable digital solutions, while an outdated website indicates a potential gap in their online presence.","As Rivigo navigates the rapidly evolving logistics landscape, a modern and optimized website is crucial for showcasing their services and attracting new business opportunities. Let's discuss how a website/system upgrade can support Rivigo's continued growth and success.",2026-04-16T22:47:37.212575
Safeexpress,https://www.safexpress.com,https://www.linkedin.com/company/safexpress-pvt-ltd/,Logistics,Mumbai,1000-5000,no,43,Low ❄️,High-Growth Industry,Analytics Dashboard,Safeexpress's presence in a high-growth logistics industry suggests a need for actionable insights to scale efficiently. An analytics dashboard can help the company track key performance indicators and make data-driven decisions.,"As a logistics leader in a rapidly expanding industry, Safeexpress likely faces challenges in optimizing operations and maximizing growth opportunities. An analytics dashboard can help streamline decision-making and drive business success; I'd love to discuss how it can support Safeexpress' goals.",2026-04-16T22:47:39.059187
DHL Supply Chain,https://www.dhl.com,https://www.linkedin.com/company/dhl-supply-chain/,Logistics,Nagpur,10000+,no,52,Low ❄️,"High-Growth Industry, Outdated Website",Website / System Upgrade,DHL Supply Chain's high-growth industry status and outdated website suggest a need for a modern digital presence to effectively engage with customers and stay competitive in the logistics market.,"As a leading logistics company, DHL Supply Chain's outdated website may be hindering its ability to showcase its innovative services and scale with its growing business. I'd like to explore how a website/system upgrade can help you stay ahead in the market.",2026-04-16T22:47:47.933961
TVS Supply Chain Solutions,https://www.tvsscs.com,https://www.linkedin.com/company/tvs-supply-chain-solutions-corporate/,Logistics,Mumbai,10000+,yes,92,High Intent 🔥,"Recent Funding, High-Growth Industry",Analytics Dashboard,"TVS Supply Chain Solutions' recent funding indicates a strategic expansion drive, while the high-growth logistics industry presents opportunities and challenges. An analytics dashboard can help TVS make data-driven decisions to maximize their expansion and stay competitive.","As TVS Supply Chain Solutions embarks on its expansion journey with recent funding, staying ahead in the rapidly growing logistics industry requires precise data analysis. Our analytics dashboard can empower your team to make informed decisions, unlock new revenue streams, and maintain a competitive edge. Would you like to explore a customized demo?",2026-04-16T22:47:49.523596
Blue Dart,https://www.bluedart.com,https://www.linkedin.com/company/bluedart/,Logistics,Mumbai,10000+,no,67,Warm 🌤️,"High-Growth Industry, Hiring Tech Roles, Scaling / Growth Announcements",CRM / ERP Customization,"Blue Dart's high-growth industry, tech hires, and scaling announcements signal a need for streamlined operations and efficient workflow management. Our CRM/ERP customization service can help them leverage technology to meet their ambitious growth goals.","As Blue Dart expands its logistics services, they're likely seeking ways to automate manual processes and enhance customer experiences. By customizing their CRM and ERP systems, they can better manage growth, improve operational efficiency, and make data-driven decisions. Would you be open to discussing how a tailored solution could support their scaling efforts?",2026-04-16T22:47:52.582001
Shree Infotech,https://www.shreeinfotech.net,https://www.linkedin.com/company/shree-infotech/,IT Services & Consulting,Pune,11-50,no,38,Low ❄️,Outdated Website,Website / System Upgrade,"Shree Infotech appears to be in need of a digital facelift to better represent their services, and a website upgrade would significantly enhance their online presence.","At Shree Infotech, a modern website is essential for showcasing expertise and driving business growth. Is it time to upgrade your online presence and stay competitive in the IT services market?",2026-04-16T22:47:53.472727
Sankalp,https://www.sankalptechnologies.com,https://www.linkedin.com/company/sankalp-technologies/,IT Services & Consulting,Pune,51-200,no,44,Low ❄️,Hiring Tech Roles,Analytics Dashboard,"Sankalp's hiring of tech roles indicates a growing need for IT services and consulting expertise, suggesting an opportunity for strategic partnerships or project engagements. This trend also implies an increasing workload, potentially straining internal resources.","We've detected Sankalp's recent hiring spree for tech roles and believe our Analytics Dashboard can provide valuable insights to optimize your project pipeline and resource allocation, helping you stay ahead of growing demands.",2026-04-16T22:47:55.307571
Brightlink Info Technologies,https://www.brightlinkinfotech.com,https://www.linkedin.com/company/brightlink-info-technologies-pvt-ltd/,IT Services & Consulting,Pune,51-200,no,44,Low ❄️,Outdated Website,Website / System Upgrade,"Brightlink Info Technologies' outdated website may be hindering their online presence and credibility, while also potentially causing missed business opportunities. A website upgrade can help them stay competitive in the IT services market.","At Brightlink Info Technologies, a modern website is crucial for showcasing expertise and attracting new clients. Our website/system upgrade service can help you revamp your online presence, boost credibility, and drive more business – would you like to explore this opportunity further?",2026-04-16T22:47:56.147457
Techlia Global Services,https://www.techilaservices.com,https://www.linkedin.com/company/techila-global-services/,IT Services & Consulting,Mumbai,1000-5000,no,41,Low ❄️,Digital Transformation,AI/ML Integration,"Techlia Global Services is likely seeking to enhance its digital capabilities, indicating a need for strategic guidance on AI/ML integration. This signals an opportunity for a tailored transformation approach.","As you navigate digital transformation, incorporating AI/ML can unlock operational efficiencies and drive innovation. I'd love to explore how Techlia Global Services can leverage these technologies, starting with a call to discuss your goals and challenges.",2026-04-16T22:47:58.830902
Suma Soft,https://www.sumasoft.com,https://www.linkedin.com/company/suma-soft-pvt-ltd/,IT Services & Consulting,Pune,1000-5000,no,100,High Intent 🔥,"Hiring Tech Roles, Hiring Ops / Support / HR, Scaling / Growth Announcements, Digital Transformation",Workflow Automation,"Suma Soft is likely experiencing rapid growth, as indicated by hiring tech roles and scaling announcements, while also undergoing digital transformation and organizational changes, requiring more efficient processes.","We've noticed that Suma Soft is expanding its tech capabilities and digitizing operations, which is a perfect opportunity to automate workflows and streamline processes, freeing up resources for innovation and growth. I'd love to discuss how automation can support your organization's ambitious plans.",2026-04-16T22:48:01.168575
NeoSOFT,https://www.neosofttech.com,https://www.linkedin.com/company/neosoft-technologies/,IT Services & Consulting,Mumbai,1000-5000,no,76,Warm 🌤️,"Hiring Tech Roles, Scaling / Growth Announcements, Digital Transformation",CRM / ERP Customization,"NeoSOFT's signals indicate a need for efficient scaling and digital transformation, suggesting they require streamlined processes to support their growth and technology adoption.","By leveraging CRM/ERP customization, NeoSOFT can unlock the full potential of their technology investments, enhancing integration, productivity, and decision-making capacity as they navigate their digital transformation journey. Let's explore how a tailored solution can support their growth ambitions.",2026-04-16T22:48:03.352999
Sphinx Solutions,https://www.sphinx-solution.com,https://www.linkedin.com/company/sphinx-solution/,IT Services & Consulting,Pune,201-500,no,78,Warm 🌤️,"Hiring Tech Roles, Scaling / Growth Announcements, Digital Transformation",CRM / ERP Customization,Sphinx Solutions' hiring of tech roles and scaling announcements suggest they're expanding their IT capabilities to support growth. Digital transformation efforts point to a need for streamlined business processes.,"Given your company's recent hiring of tech talent and digital transformation efforts, optimizing your CRM / ERP systems to handle increased workload and process efficiency seems like a strategic priority. Would you be open to discussing how customized solutions can support this growth?",2026-04-16T22:48:06.110226
Coditas,https://www.coditas.com,https://www.linkedin.com/company/coditas/,IT Services & Consulting,Pune,501-1000,no,61,Warm 🌤️,"Hiring Tech Roles, Digital Transformation",AI/ML Integration,Coditas' hiring for tech roles and focus on digital transformation suggest a need to modernize existing systems and leverage advanced capabilities.,"Seeing Coditas expand its tech team and prioritize digital transformation, we believe AI/ML integration could significantly accelerate your innovation efforts. Would you be open to a brief discussion about how we've helped similar firms optimize workflows with predictive analytics?",2026-04-16T22:48:12.002657
Josh Software,https://www.joshsoftware.com,https://www.linkedin.com/company/josh-software/,IT Services & Consulting,Pune,201-500,no,78,Warm 🌤️,"Hiring Tech Roles, Scaling / Growth Announcements, Digital Transformation",CRM / ERP Customization,"Josh Software is actively hiring tech roles, scaling, and embarking on digital transformation, indicating a need for streamlined processes and automation. Customized CRM/ERP solutions can help Josh Software efficiently manage growth and improve operations.","As Josh Software accelerates growth and digital transformation, I'd love to discuss how our CRM/ERP customization services can help streamline your processes, improve employee onboarding, and enhance overall operational efficiency. Would you be open to a brief call to explore further?",2026-04-16T22:48:13.659538
Intangles,https://www.intangles.ai,https://www.linkedin.com/company/intangles/,IT Services & Consulting,Pune,201-500,yes,100,High Intent 🔥,"Recent Funding, Hiring Tech Roles, Scaling / Growth Announcements, Digital Transformation",Custom Software / MVP,"Intangles' recent funding, hiring spree, and growth announcements indicate they are scaling rapidly, while their digital transformation signals suggest a need for custom software solutions to support their evolution. We can expect them to require agile and innovative tech services.","I noticed Intangles' recent funding and scaling announcements, which often precede the development of custom MVPs to drive digital transformation. Let's discuss how a tailored software solution can help Intangles stay ahead of the curve and achieve their growth goals. Would you be open to a brief discussion?",2026-04-16T22:48:15.309638
SK Logistics,https://skgroup.one,https://www.linkedin.com/company/sklogistics/,Logistics,Bhiwandi,51-200,no,41,Low ❄️,High-Growth Industry,Analytics Dashboard,"SK Logistics is likely seeking data-driven insights to stay ahead in the high-growth logistics industry, where competitors are expanding rapidly. An analytics dashboard can provide the visibility needed to optimize operations and make informed decisions.","As a logistics leader in a rapidly expanding industry, SK Logistics is uniquely positioned to drive innovation and growth through data-driven decision making. Consider how an analytics dashboard can help you streamline operations, identify new revenue streams, and stay ahead of the competition - let's schedule a call to explore the possibilities.",2026-04-16T22:48:17.677090
ARK Supply Chain,https://arksupplychain.com,https://www.linkedin.com/company/ark-supply-chain-solutions-pvt-ltd/,Logistics,Mumbai,501-1000,no,43,Low ❄️,High-Growth Industry,Analytics Dashboard,"ARK Supply Chain's high-growth industry signal indicates a need for efficient data-driven decision-making, while its logistics focus suggests complex operational processes that may be difficult to manage without proper analytics. An analytics dashboard can help streamline operations and inform strategic growth decisions.","As a logistics leader in a high-growth industry, you're likely navigating complex operational processes and seeking ways to optimize decision-making. Our analytics dashboard can help you make data-driven choices and drive strategic growth – would you like to schedule a demo to explore further?",2026-04-16T22:48:19.750313
OM Software,https://www.omsoftware.net,https://www.linkedin.com/company/om-software-pvt-ltd/,IT Services & Consulting,Pune,51-200,no,59,Low ❄️,"Hiring Tech Roles, Scaling / Growth Announcements",CRM / ERP Customization,OM Software's hiring and growth announcements suggest they're expanding operations and likely experiencing increased data complexity. This expansion necessitates streamlined processes and improved data management to support their scaling efforts.,"Seeing OM Software's recent tech role additions and growth announcements, it's likely your teams need a more robust system to manage client data and project workflows. We specialize in tailoring CRM/ERP solutions to optimize operational efficiency during periods of rapid expansion – would you be open to a brief discussion about your current systems?",2026-04-16T22:48:26.363546
Parekh Group,https://www.parekhgroup.in,https://www.linkedin.com/company/parekh-group/,Logistics,Mumbai,1000-5000,no,98,High Intent 🔥,"High-Growth Industry, Hiring Tech Roles, Scaling / Growth Announcements, Outdated Website",Website / System Upgrade,"Parekh Group's high-growth industry and hiring of tech roles indicate a need for scalable solutions, while outdated website signals an opportunity for a modern upgrade to support their expansion plans.","I noticed Parekh Group's strong growth in the logistics industry and recent hiring of tech professionals. Upgrading your website and systems can help streamline processes, support scalability, and enhance your online presence - would you be open to discussing this further?",2026-04-16T22:48:28.550120
Kale Logistics Solutions,https://www.kalelogistics.com,https://www.linkedin.com/company/kale-logistics-solutions/,Logistics,Mumbai,201-500,yes,100,High Intent 🔥,"Recent Funding, High-Growth Industry, Outdated Website",Website / System Upgrade,"Recent funding and high-growth industry signals indicate Kale Logistics Solutions' need for scalable infrastructure, while an outdated website suggests an opportunity for modernization. An upgraded online presence can better support their growth objectives.","As a logistics leader with new funding and ambitions, Kale Logistics Solutions may be eager to enhance their online footprint. A modern website system upgrade can streamline their operations, improve customer engagement, and position them for continued success. Would you be open to a discussion about the possibilities?",2026-04-16T22:48:37.224878
Magenta Mobility,https://magentamobility.com/,https://www.linkedin.com/company/magentamobility,Logistics,Mumbai,201-500,yes,100,High Intent 🔥,"Recent Funding, High-Growth Industry, Hiring Tech Roles, Scaling / Growth Announcements",Custom Software / MVP,"Magenta Mobility's recent funding and high-growth industry signals indicate a need for scalable solutions, while hiring tech roles suggest an expansion of digital capabilities. This presents an opportunity for custom software or MVP development to support their growth.","With your recent funding and ambitious scaling announcements, Magenta Mobility is poised to revolutionize the logistics industry. I'd love to explore how a custom software or MVP solution can help you streamline operations and drive efficiency, would you be open to a 15-minute call to discuss further?",2026-04-16T22:48:38.568870
Celcius Logistics,https://celcius.in/,https://www.linkedin.com/company/celcius-logistics/,Logistics,Mumbai,51-200,yes,100,High Intent 🔥,"Recent Funding, High-Growth Industry",Analytics Dashboard,Celcius Logistics' recent funding and industry growth suggest a pressing need to optimize logistics operations and scale efficiently. An analytics dashboard can help them leverage their resources and make data-driven decisions.,"Given Celcius Logistics' high-growth trajectory and recent funding, we believe an analytics dashboard will enable them to streamline operations, identify key performance indicators, and make informed decisions to maintain their competitive edge. Would you be open to discussing how our dashboard can support your growth strategy?",2026-04-16T22:48:39.855443
Globus Logisys,http://www.globuslogisys.com/,https://www.linkedin.com/company/globus-logisys-pvt-ltd/,Logistics,Mumbai,201-500,no,65,Warm 🌤️,"High-Growth Industry, Hiring Tech Roles",Analytics Dashboard,"Globus Logisys is navigating a high-growth logistics industry while expanding its tech capabilities, indicating a need for streamlined decision-making and operational efficiency. An analytics dashboard can provide the necessary visibility to drive informed growth strategies.","As Globus Logisys scales its logistics operations, staying ahead of the curve requires actionable insights. Our analytics dashboard can help you harness the power of data-driven decisions, ensuring you capitalize on market opportunities and maintain a competitive edge. Would you be open to a discussion on how this can support your growth goals?",2026-04-16T22:48:42.639778
Lee & Muirhead,https://www.lee-muirhead.com/,https://www.linkedin.com/company/lee-&-muirhead-pvt-ltd/,Logistics,Mumbai,501-1000,no,63,Warm 🌤️,"High-Growth Industry, Outdated Website",Website / System Upgrade,Lee & Muirhead's presence in the high-growth logistics industry suggests a need for enhanced online presence. An outdated website may hinder their ability to effectively showcase their services and compete with industry peers.,"As a logistics leader in a rapidly evolving industry, Lee & Muirhead's outdated website may be impacting their ability to attract new clients and stay ahead of competitors. I'd love to discuss how a website/system upgrade can help them capitalize on industry growth and opportunities.",2026-04-16T22:48:43.680606
Liladhar Pasoo,https://www.liladharpasoo.com/,https://www.linkedin.com/company/liladhar-pasoo/,Logistics,Mumbai,501-1000,no,78,Warm 🌤️,"High-Growth Industry, Hiring Tech Roles, Scaling / Growth Announcements",CRM / ERP Customization,"Liladhar Pasoo is navigating high-growth in the logistics industry, hiring tech roles, and scaling operations, indicating a need for streamlined processes and efficient data management.","Given your ambitious plans for growth, I'd love to explore how a customized CRM and ERP system can help Liladhar Pasoo streamline logistics operations, automate workflows, and make data-driven decisions more efficiently. Would you be open to a brief call to discuss further?",2026-04-16T22:48:48.633244
Unbox Robotics,https://unboxrobotics.com/,https://www.linkedin.com/company/unbox-robotics,Manufacturing,Pune,51-200,yes,100,High Intent 🔥,"Recent Funding, Needs Digital Presence",Website / System Upgrade,"Recent funding suggests Unbox Robotics is poised for growth, while a lack of digital presence indicates an opportunity to establish a strong online foundation. A website/system upgrade can help streamline operations and enhance their market visibility.",Unbox Robotics' recent funding and need for a digital presence presents a unique opportunity to enhance their online identity and operations. I'd love to discuss how a tailored website/system upgrade can support their growth strategy. Let's schedule a call to explore further.,2026-04-16T22:48:49.584907
iThink Logistics,https://ithinklogistics.com/,https://www.linkedin.com/company/ithink-logistics,Logistics,Mumbai,51-200,no,76,Warm 🌤️,"High-Growth Industry, Hiring Tech Roles, Digital Transformation",AI/ML Integration,iThink Logistics' hiring of tech roles and digital transformation signals a desire to optimize logistics operations through technology. AI/ML integration can help streamline processes and improve efficiency.,"As iThink Logistics invests in digital transformation and hires tech talent, integrating AI/ML can unlock optimized route planning, predictive analytics, and real-time supply chain insights. I'd love to discuss how this can boost your logistics operations' efficiency and scalability.",2026-04-16T22:48:50.971731
Emiza,https://emizainc.com/,https://www.linkedin.com/company/emiza-supply-chain-services/,Logistics,Mumbai,1000-5000,yes,100,High Intent 🔥,"Recent Funding, High-Growth Industry, Hiring Tech Roles, Scaling / Growth Announcements",Custom Software / MVP,"Emiza's recent funding and high-growth industry suggest they need scalable solutions to support rapid expansion, while hiring tech roles indicate a desire for custom software to streamline logistics operations.","As a logistics industry leader with a high-growth vision, you're likely seeking efficient ways to manage increasing demand. Our custom software solutions, such as MVP development, can help you automate logistics operations and drive business growth. Would you like to discuss how Emiza can leverage technology to stay ahead of the competition?",2026-04-16T22:48:56.691550
Smartr Logistics,https://smartr.in/,https://www.linkedin.com/company/smartrlogistics/,Logistics,Mumbai,501-1000,yes,100,High Intent 🔥,"Recent Funding, High-Growth Industry, Outdated Website",Website / System Upgrade,"Smartr Logistics' recent funding and high-growth industry indicate a pressing need for efficient digital presence, while an outdated website suggests current infrastructure is constraining growth. An upgrade could help Smartr Logistics stay competitive.","As Smartr Logistics continues to expand in the high-growth logistics industry, a modern, scalable website and system upgrade would be crucial in showcasing expertise and streamlining operations. I'd love to discuss how a tailored solution can support your ongoing success.",2026-04-16T22:49:05.265585
